#Protein	Condition	Rep_num	Index	Primer_with_index
L1	Galactose	1	ATACC	ACGCTCTTCCGATCTATACCGTCCACGAGGTCTCT
L1	Galactose	2	TCTAG	ACGCTCTTCCGATCTTCTAGGTCCACGAGGTCTCT
L1	Galactose	3	GCAGC	ACGCTCTTCCGATCTGCAGCGTCCACGAGGTCTCT
L1	Glucose	1	CCGAG	ACGCTCTTCCGATCTCCGAGGTCCACGAGGTCTCT
L1	Glucose	2	AAGAT	ACGCTCTTCCGATCTAAGATGTCCACGAGGTCTCT
L1	Glucose	3	TAGTA	ACGCTCTTCCGATCTTAGTAGTCCACGAGGTCTCT
L25	Galactose	1	GAACT	ACGCTCTTCCGATCTGAACTGTCCACGAGGTCTCT
L25	Galactose	2	CAATG	ACGCTCTTCCGATCTCAATGGTCCACGAGGTCTCT
L25	Galactose	3	AGACA	ACGCTCTTCCGATCTAGACAGTCCACGAGGTCTCT
L25	Glucose	1	TGTTC	ACGCTCTTCCGATCTTGTTCGTCCACGAGGTCTCT
L25	Glucose	2	GCCGG	ACGCTCTTCCGATCTGCCGGGTCCACGAGGTCTCT
L25	Glucose	3	CGTAG	ACGCTCTTCCGATCTCGTAGGTCCACGAGGTCTCT
S2	Galactose	1	ACACG	ACGCTCTTCCGATCTATACCGTCCACGAGGTCTCT
S2	Galactose	2	TGTAA	ACGCTCTTCCGATCTTGTAAGTCCACGAGGTCTCT
S2	Galactose	3	GTATT	ACGCTCTTCCGATCTGTATTGTCCACGAGGTCTCT
S2	Glucose	1	CTCTA	ACGCTCTTCCGATCTCTCTAGTCCACGAGGTCTCT
S2	Glucose	2	AAGGC	ACGCTCTTCCGATCTAAGGCGTCCACGAGGTCTCT
S2	Glucose	3	TTAAG	ACGCTCTTCCGATCTTTAAGGTCCACGAGGTCTCT
S15	Galactose	1	GGAAC	ACGCTCTTCCGATCTGGAACGTCCACGAGGTCTCT
S15	Galactose	2	CTCAG	ACGCTCTTCCGATCTCTCAGGTCCACGAGGTCTCT
S15	Galactose	3	ACTGG	ACGCTCTTCCGATCTACTGGGTCCACGAGGTCTCT
S15	Glucose	1	TACAT	ACGCTCTTCCGATCTTACATGTCCACGAGGTCTCT
S15	Glucose	2	GGCAT	ACGCTCTTCCGATCTGGCATGTCCACGAGGTCTCT
S15	Glucose	3	CAGTT	ACGCTCTTCCGATCTCAGTTGTCCACGAGGTCTCT
Bet1	Galactose	1	ACCAG	ACGCTCTTCCGATCTATACCGTCCACGAGGTCTCT
Bet1	Galactose	2	TTAGC	ACGCTCTTCCGATCTTTAGCGTCCACGAGGTCTCT
Bet1	Galactose	3	GCCAC	ACGCTCTTCCGATCTGCCACGTCCACGAGGTCTCT
Bet1	Glucose	1	CGACC	ACGCTCTTCCGATCTCGACCGTCCACGAGGTCTCT
Bet1	Glucose	2	ATTAG	ACGCTCTTCCGATCTATTAGGTCCACGAGGTCTCT
Bet1	Glucose	3	TTCTT	ACGCTCTTCCGATCTTTCTTGTCCACGAGGTCTCT
